feature,malignant_mean,benign_mean,absolute_difference
id,36818050.443396226,26543824.62464986,10274225.818746366
area_worst,1422.2863207547173,558.8994397759103,863.386880978807
area_mean,978.3764150943397,462.7901960784313,515.5862190159085
perimeter_worst,141.37033018867925,87.00593837535013,54.36439181332912
area_se,72.67240566037735,21.135148459383753,51.537257200993594
