feature,malignant_mean,benign_mean,mean_difference,cohens_d
concave_points_worst,0.1822373113207547,0.07444434453781512,0.10779296678293959,2.6926469041602608
perimeter_worst,141.37033018867925,87.00593837535013,54.36439181332912,2.598237065933425
concave_points_mean,0.08799,0.025717406162464984,0.062272593837535015,2.5452245181289124
radius_worst,21.134811320754718,13.37980112044818,7.755010200306538,2.543903361281383
perimeter_mean,115.36537735849056,78.075406162465,37.28997119602556,2.289516456332015
